"Name","Pin","Function","Symbolic name","Direction","Mode","Pad level","Pad strength","Pin function","Pad class","Power domain","Reset state"
"AGBTCLKN (VSS)","L7","","","","","","","","LVDS_RX","VEXT",""
"AGBTCLKP (VSS)","K7","","","","","","","","LVDS_RX","VEXT",""
"AGBTERR (VSS)","L14","","","","","","","","FAST","VEXT","PD"
"AGBTTXN (VSS)","P10","","","","","","","","LVDS_TX","VEXT",""
"AGBTTXP (VSS)","P11","","","","","","","","LVDS_TX","VEXT",""
"AN0","T10","","","","","","","","D","VDDM","HighZ"
"AN1","U10","","","","","","","","D","VDDM","HighZ"
"AN2","W9","","","","","","","","D","VDDM","HighZ"
"AN3","U9","","","","","","","","D","VDDM","HighZ"
"AN4","T9","","","","","","","","D","VDDM","HighZ"
"AN5","Y9","","","","","","","","D","VDDM","HighZ"
"AN6","T8","","","","","","","","D","VDDM","HighZ"
"AN7","U8","","","","","","","","D","VDDM","HighZ"
"AN8","W8","","","","","","","","D","VDDM","HighZ"
"AN9","U7","","","","","","","","D","VDDM","HighZ"
"AN10","Y8","","","","","","","","D","VDDM","HighZ"
"AN11","W7","","","","","","","","D","VDDM","HighZ"
"AN12","T7","","","","","","","","D","VDDM","HighZ"
"AN13","W6","","","","","","","","D","VDDM","HighZ"
"AN14","U6","","","","","","","","D","VDDM","HighZ"
"AN15","T6","","","","","","","","D","VDDM","HighZ"
"AN16","W5","","","","","","","","D","VDDM","HighZ"
"AN20","Y3","","","","","","","","D","VDDM","HighZ"
"AN21","Y2","","","","","","","","D","VDDM","HighZ"
"AN22","T5","","","","","","","","D","VDDM","HighZ"
"AN23","R5","","","","","","","","D","VDDM","HighZ"
"AN30","T4","","","","","","","","D","VDDM","HighZ"
"AN31","R4","","","","","","","","D","VDDM","HighZ"
"AN34","P5","","","","","","","","D","VDDM","HighZ"
"AN35","R2","","","","","","","","D","VDDM","HighZ"
"AN40","M5","","","","","","","","D","VDDM","HighZ"
"AN41","M4","","","","","","","","D","VDDM","HighZ"
"AN42","L5","","","","","","","","D","VDDM","HighZ"
"AN43","L4","","","","","","","","D","VDDM","HighZ"
"AN44","N1","","","","","","","","D","VDDM","HighZ"
"AN45","N2","","","","","","","","D","VDDM","HighZ"
"AN46","M1","","","","","","","","D","VDDM","HighZ"
"AN47","M2","","","","","","","","D","VDDM","HighZ"
"AN17/P40.10","U5","","","","Tri-state","","","Digital","S","VDDM","HighZ"
"AN18/P40.11","W4","","","","Tri-state","","","Digital","S","VDDM","HighZ"
"AN19/P40.12","W3","","","","Tri-state","","","Digital","S","VDDM","HighZ"
"AN24/P40.0","W2","","","","Tri-state","","","Digital","S","VDDM","HighZ"
"AN25/P40.1","W1","","","","Tri-state","","","Digital","S","VDDM","HighZ"
"AN26/P40.2","V2","","","","Tri-state","","","Digital","S","VDDM","HighZ"
"AN27/P40.3","V1","","","","Tri-state","","","Digital","S","VDDM","HighZ"
"AN28/P40.13","U2","","","","Tri-state","","","Digital","S","VDDM","HighZ"
"AN29/P40.14","U1","","","","Tri-state","","","Digital","S","VDDM","HighZ"
"AN32/P40.4","P4","","","","Tri-state","","","Digital","S","VDDM","HighZ"
"AN33/P40.5","R1","","","","Tri-state","","","Digital","S","VDDM","HighZ"
"AN36/P40.6","N4","","","","Tri-state","","","Digital","S","VDDM","HighZ"
"AN37/P40.7","P2","","","","Tri-state","","","Digital","S","VDDM","HighZ"
"AN38/P40.8","N5","","","","Tri-state","","","Digital","S","VDDM","HighZ"
"AN39/P40.9","P1","","","","Tri-state","","","Digital","S","VDDM","HighZ"
"DAPE0","K14","","","","","","","","FAST","VEXT","PD2"
"DAPE1","G11","","","","","","","","FAST","VEXT","PD2"
"DAPE2","G10","","","","","","","","FAST","VEXT","PD2"
"NC1","A1","","","","","","","","","",""
"NC1","Y1","","","","","","","","","",""
"NC1","U4","","","","","","","","","",""
"P00.0","G1","CAN1_NODE0_TXD","CAN1_NODE0_TXD","Output","Push-pull","CMOS/Automotive","Speed grade 4","","FAST","VEXT","PU1"
"P00.1","G2","CAN1_NODE0_RXD","CAN1_NODE0_RXD","Input","Pull-up","CMOS/Automotive","","Digital","SLOW","VEXT","PU1"
"P00.2","H1","CAN2_NODE1_TXD","CAN2_NODE1_TXD","Output","Push-pull","CMOS/Automotive","Speed grade 4","Digital","SLOW","VEXT","PU1"
"P00.3","H2","CAN2_NODE1_RXD","CAN2_NODE1_RXD","Input","Pull-up","CMOS/Automotive","","Digital","SLOW","VEXT","PU1"
"P00.4","J1","ASCLIN10_RXD","ASCLIN10_RXD","Input","Pull-up","CMOS/Automotive","","Digital","SLOW","VEXT","PU1"
"P00.5","J2","","","Input","Pull-up","CMOS/Automotive","","Digital","SLOW","VEXT","PU1"
"P00.6","J4","ASCLIN5_RXD","ASCLIN5_RXD","Input","Pull-up","CMOS/Automotive","","Digital","SLOW","VEXT","PU1"
"P00.7","K1","ASCLIN5_TXD","ASCLIN5_TXD","Output","Push-pull","CMOS/Automotive","Speed grade 4","Digital","SLOW","VEXT","PU1"
"P00.8","K4","ASCLIN10_TXD","ASCLIN10_TXD","Output","Push-pull","CMOS/Automotive","Speed grade 4","Digital","SLOW","VEXT","PU1"
"P00.9","K2","ASCLIN4_TXD","ASCLIN4_TXD","Output","Push-pull","CMOS/Automotive","Speed grade 4","Digital","SLOW","VEXT","PU1"
"P00.10","K5","","","Input","Pull-up","CMOS/Automotive","","Digital","SLOW","VEXT","PU1"
"P00.11","L1","","","Input","Pull-up","CMOS/Automotive","","Digital","SLOW","VEXT","PU1"
"P00.12","L2","ASCLIN4_RXD","ASCLIN4_RXD","Input","Pull-up","CMOS/Automotive","","Digital","SLOW","VEXT","PU1"
"P01.3","G5","QSPI3_S_SELIN","QSPI3_S_SELIN","Input","Pull-up","CMOS/Automotive","","Digital","SLOW","VEXT","PU1"
"P01.4","G4","","","Input","Pull-up","CMOS/Automotive","","Digital","SLOW","VEXT","PU1"
"P01.5","H5","QSPI3_S_TXD","QSPI3_S_TXD","Output","Push-pull","CMOS/Automotive","Speed grade 4","Digital","SLOW","VEXT","PU1"
"P01.6","H4","QSPI3_S_RXD","QSPI3_S_RXD","Input","Pull-up","CMOS/Automotive","","","FAST","VEXT","PU1"
"P01.7","J5","ASCLIN9_TXD","ASCLIN9_TXD","Output","Push-pull","CMOS/Automotive","Speed grade 4","","FAST","VEXT","PU1"
"P02.0","B1","ERAY0_CH0_TXD","ERAY0_CH0_TXD","Output","Push-pull","CMOS/Automotive","Speed grade 4","","FAST","VEXT","PU1"
"P02.1","C2","ERAY0_CH0_RXD","ERAY0_CH0_RXD","Input","Pull-up","CMOS/Automotive","","","SLOW","VEXT","PU1"
"P02.2","C1","ERAY0_CH1_TXD","ERAY0_CH1_TXD","Output","Push-pull","CMOS/Automotive","Speed grade 4","","FAST","VEXT","PU1"
"P02.3","D2","ERAY0_CH1_RXD","ERAY0_CH1_RXD","Input","Pull-up","CMOS/Automotive","","","SLOW","VEXT","PU1"
"P02.4","D1","ERAY0_CH0_TXEN","ERAY0_CH0_TXEN","Output","Push-pull","CMOS/Automotive","Speed grade 4","","FAST","VEXT","PU1"
"P02.5","E2","ERAY0_CH1_TXEN","ERAY0_CH1_TXEN","Output","Push-pull","CMOS/Automotive","Speed grade 4","","FAST","VEXT","PU1"
"P02.6","E1","","","Input","Pull-up","CMOS/Automotive","","","FAST","VEXT","PU1"
"P02.7","F2","QSPI3_S_CLKIN","QSPI3_S_CLKIN","Input","Pull-up","CMOS/Automotive","","","FAST","VEXT","PU1"
"P02.8","F1","","","Input","Pull-up","CMOS/Automotive","","","SLOW","VEXT","PU1"
"P02.9","E4","","","Input","Pull-up","CMOS/Automotive","","","SLOW","VEXT","PU1"
"P02.10","F5","ASCLIN2_RXD","ASCLIN2_RXD","Input","Pull-up","CMOS/Automotive","","","SLOW","VEXT","PU1"
"P02.11","F4","","","Input","Pull-up","CMOS/Automotive","","Digital","SLOW","VEXT","PU1"
"P10.0","A7","QSPI1_M_SEL10","QSPI1_M_SEL10","Output","Push-pull","CMOS/Automotive","Speed grade 4","","SLOW","VEXT","PU1"
"P10.1","B7","QSPI1_M_RXD(N)","QSPI1_M_RXD(N)","Input","Pull-up","CMOS/Automotive","","","FAST","VEXT","PU1"
"P10.2","A5","QSPI1_M_CLK","QSPI1_M_CLK","Output","Push-pull","CMOS/Automotive","Speed grade 4","","FAST","VEXT","PU1"
"P10.3","A6","GPIO","GPIO2","Input","Pull-up","CMOS/Automotive","","","FAST","VEXT","PU1"
"P10.4","B6","QSPI1_M_TXD","QSPI1_M_TXD","Output","Push-pull","CMOS/Automotive","Speed grade 4","","FAST","VEXT","PU1"
"P10.5","B5","ASCLIN2_TXD / PMS_HWCFG4","ASCLIN2_TXD","Output","Push-pull","CMOS/Automotive","Speed grade 4","","SLOW","VEXT","PU2"
"P10.6","A4","PMS_HWCFG5 / CAN2_NODE0_TXD","CAN2_NODE0_TXD","Output","Push-pull","CMOS/Automotive","Speed grade 4","","SLOW","VEXT","PU2"
"P10.7","A3","GPIO","GPIO3","Input","Pull-up","CMOS/Automotive","","","SLOW","VEXT","PU1"
"P10.8","B4","","","Input","Pull-up","CMOS/Automotive","","","SLOW","VEXT","PU1"
"P11.0","E10","RGMII0_TXD3","RGMII0_TXD3","Output","Push-pull","CMOS/Automotive","Speed grade 4","","RFAST","VFLEX","PU1"
"P11.1","E9","RGMII0_TXD2","RGMII0_TXD2","Output","Push-pull","CMOS/Automotive","Speed grade 4","","RFAST","VFLEX","PU1"
"P11.2","A10","RGMII0_TXD1","RGMII0_TXD1","Output","Push-pull","CMOS/Automotive","Speed grade 4","","RFAST","VFLEX","PU1"
"P11.3","B10","RGMII0_TXD0","RGMII0_TXD0","Output","Push-pull","CMOS/Automotive","Speed grade 4","","RFAST","VFLEX","PU1"
"P11.4","D10","RGMII0_TXCLK","RGMII0_TXCLK","Output","Push-pull","CMOS/Automotive","Speed grade 4","","RFAST","VFLEX","PU1"
"P11.5","D8","RGMII0_REFCLK","RGMII0_REFCLK","Input","Pull-up","CMOS/Automotive","","","SLOW","VFLEX","PU1"
"P11.6","D9","RGMII0_TCTL","RGMII0_TCTL","Output","Push-pull","CMOS/Automotive","Speed grade 4","","RFAST","VFLEX","PU1"
"P11.7","E8","RGMII0_RXD3","RGMII0_RXD3","Input","Pull-up","CMOS/Automotive","","","SLOW","VFLEX","PU1"
"P11.8","E7","RGMII0_RXD2","RGMII0_RXD2","Input","Pull-up","CMOS/Automotive","","","SLOW","VFLEX","PU1"
"P11.9","A9","RGMII0_RXD1","RGMII0_RXD1","Input","Pull-up","CMOS/Automotive","","","FAST","VFLEX","PU1"
"P11.10","B9","RGMII0_RXD0","RGMII0_RXD0","Input","Pull-up","CMOS/Automotive","","","FAST","VFLEX","PU1"
"P11.11","A8","RGMII0_RCTL","RGMII0_RCTL","Input","Pull-up","CMOS/Automotive","","","FAST","VFLEX","PU1"
"P11.12","B8","RGMII0_RXCLK","RGMII0_RXCLK","Input","Pull-up","CMOS/Automotive","","","FAST","VFLEX","PU1"
"P11.13","E6","I2C1_SDAIN / I2C1_SDA0","I2C1_SDA0","Input/Output","Pull-up / Push-pull","CMOS/Automotive","Speed grade 4","","SLOW","VFLEX","PU1"
"P11.14","D7","I2C1_SCLIN / I2C1_SCL0","I2C1_SCL0","Input/Output","Pull-up / Push-pull","CMOS/Automotive","Speed grade 4","","SLOW","VFLEX","PU1"
"P11.15","D6","","","Input","Pull-up","CMOS/Automotive","","","SLOW","VFLEX","PU1"
"P12.0","E12","RGMII0_MDC","RGMII0_MDC","Output","Push-pull","CMOS/Automotive","Speed grade 4","","SLOW","VFLEX","PU1"
"P12.1","E11","RGMII0_MDO2 / RGMII0_MDI","RGMII0_MDO2","Input/Output","Pull-up / Push-pull","CMOS/Automotive","Speed grade 4","","SLOW","VFLEX","PU1"
"P13.0","B12","","","Input","Pull-up","CMOS/Automotive","","","LVDS_TX / FAST","VEXT","PU1"
"P13.1","A12","I2C0_SCL1 / I2C0_SCLIN","I2C0_SCLIN","Input/Output","Pull-up / Push-pull","CMOS/Automotive","Speed grade 4","","LVDS_TX / FAST","VEXT","PU1"
"P13.2","B11","I2C0_SDA1 / I2C0_SDAIN","I2C0_SDAIN","Input/Output","Pull-up / Push-pull","CMOS/Automotive","Speed grade 4","","LVDS_TX / FAST","VEXT","PU1"
"P13.3","A11","","","Input","Pull-up","CMOS/Automotive","","","LVDS_TX / FAST","VEXT","PU1"
"P14.0","B16","ASCLIN0_TXD","ASCLIN0_TXD","Output","Push-pull","CMOS/Automotive","Speed grade 4","","FAST","VEXT","PU1"
"P14.1","A15","ASCLIN0_RXD","ASCLIN0_RXD","Input","Pull-up","CMOS/Automotive","","","FAST","VEXT","PU1"
"P14.2","E13","EVRC_EN / QSPI2_M_SEL1","QSPI2_M_SEL1","Output","Push-pull","CMOS/Automotive","Speed grade 4","","SLOW","VEXT","PU2"
"P14.3","B14","PMS_HWCFG3","","Input","Pull-up","CMOS/Automotive","","","SLOW","VEXT","PU2"
"P14.4","B15","RGMII0_PPS0 / PMS_HWCFG6","RGMII0_PPS0","Output","Push-pull","CMOS/Automotive","Speed grade 4","","SLOW","VEXT","PU2"
"P14.5","A14","ERAY1_CH1_TXD / EVR33_EN","ERAY1_CH1_TXD","Output","Push-pull","CMOS/Automotive","Speed grade 4","","FAST","VEXT","PU2"
"P14.6","B13","ERAY1_CH1_TXEN","ERAY1_CH1_TXEN","Output","Push-pull","CMOS/Automotive","Speed grade 4","","FAST","VEXT","PU1"
"P14.7","D13","ERAY1_CH1_RXD","ERAY1_CH1_RXD","Input","Pull-up","CMOS/Automotive","","","SLOW","VEXT","PU1"
"P14.8","A13","ERAY1_CH0_RXD","ERAY1_CH0_RXD","Input","Pull-up","CMOS/Automotive","","","SLOW","VEXT","PU1"
"P14.9","D12","ERAY1_CH0_TXEN","ERAY1_CH0_TXEN","Output","Push-pull","CMOS/Automotive","Speed grade 4","","LVDS_RX / FAST","VEXT","PU1"
"P14.10","D11","ERAY1_CH0_TXD","ERAY1_CH0_TXD","Output","Push-pull","CMOS/Automotive","Speed grade 4","","LVDS_RX / FAST","VEXT","PU1"
"P15.0","B20","","","Input","Pull-up","CMOS/Automotive","","","FAST","VEXT","PU1"
"P15.1","A18","SDMMC4P_CLK","SDMMC4P_CLK","Output","Push-pull","CMOS/Automotive","Speed grade 4","","FAST","VEXT","PU1"
"P15.2","C19","CAN0_NODE1_TXD","CAN0_NODE1_TXD","Output","Push-pull","CMOS/Automotive","Speed grade 4","","FAST","VEXT","PU1"
"P15.3","B17","SDMMC4P_CMD","SDMMC4P_CMD","Input/Output","Pull-up / Push-pull","CMOS/Automotive","Speed grade 4","","FAST","VEXT","PU1"
"P15.4","A17","ASCLIN1_TXD","ASCLIN1_TXD","Output","Push-pull","CMOS/Automotive","Speed grade 4","","FAST","VEXT","PU1"
"P15.5","E14","ASCLIN1_RXD","ASCLIN1_RXD","Input","Pull-up","CMOS/Automotive","","","FAST","VEXT","PU1"
"P15.6","A16","QSPI2_M_TXD","QSPI2_M_TXD","Output","Push-pull","CMOS/Automotive","Speed grade 4","","FAST","VEXT","PU1"
"P15.7","D15","QSPI2_M_RXD(N)","QSPI2_M_RXD(N)","Input","Pull-up","CMOS/Automotive","","","FAST","VEXT","PU1"
"P15.8","D14","QSPI2_M_CLK","QSPI2_M_CLK","Output","Push-pull","CMOS/Automotive","Speed grade 4","","FAST","VEXT","PU1"
"P20.0","H20","ASCLIN3_TXD","ASCLIN3_TXD","Output","Push-pull","CMOS/Automotive","Speed grade 4","","FAST","VEXT","PU1"
"P20.1","G19","","","Input","Pull-up","CMOS/Automotive","","","SLOW","VEXT","PU1"
"P20.2","H19","PMS_TESTMODE","","Input","Pull-up","CMOS/Automotive","","","S","VEXT","PU"
"P20.3","G20","ASCLIN3_RXD","ASCLIN3_RXD","Input","Pull-up","CMOS/Automotive","","","SLOW","VEXT","PU1"
"P20.6","F17","ASCLIN9_RXD","ASCLIN9_RXD","Input","Pull-up","CMOS/Automotive","","","SLOW","VEXT","PU1"
"P20.7","F19","SDMMC4P_DATA0IN / SDMMC4P_D0","SDMMC4P_D0","Input/Output","Pull-up / Push-pull","CMOS/Automotive","Speed grade 4","","FAST","VEXT","PU1"
"P20.8","F20","SDMMC4P_D1 / SDMMC4P_DATA1IN","SDMMC4P_D1","Input/Output","Pull-up / Push-pull","CMOS/Automotive","Speed grade 4","","FAST","VEXT","PU1"
"P20.9","E17","QSPI0_M_SEL1","QSPI0_M_SEL1","Output","Push-pull","CMOS/Automotive","Speed grade 4","","FAST","VEXT","PU1"
"P20.10","E19","SDMMC4P_DATA2IN / SDMMC4P_D2","SDMMC4P_D2","Input/Output","Pull-up / Push-pull","CMOS/Automotive","Speed grade 4","","FAST","VEXT","PU1"
"P20.11","E20","SDMMC4P_DATA3IN / SDMMC4P_D3","SDMMC4P_D3","Input/Output","Pull-up / Push-pull","CMOS/Automotive","Speed grade 4","","FAST","VEXT","PU1"
"P20.12","D19","","","Input","Pull-up","CMOS/Automotive","","","FAST","VEXT","PU1"
"P20.13","D20","","","Input","Pull-up","CMOS/Automotive","","","FAST","VEXT","PU1"
"P20.14","C20","","","Input","Pull-up","CMOS/Automotive","","","FAST","VEXT","PU1"
"P21.0","K17","ASCLIN11_TXD","ASCLIN11_TXD","Output","Push-pull","CMOS/Automotive","Speed grade 4","","LVDS_RX / FAST","VEXT","PU1"
"P21.1","J17","ASCLIN11_RXD","ASCLIN11_RXD","Input","Pull-up","CMOS/Automotive","","","LVDS_RX / FAST","VEXT","PU1"
"P21.2","K19","GPIO","CAN_47STB","Output","Push-pull","CMOS/Automotive","Speed grade 4","","LVDS_RX / FAST","VEXT","PU1"
"P21.3","J19","","","Input","Pull-up","CMOS/Automotive","","","LVDS_RX / FAST","VEXT","PU1"
"P21.4","K20","GPIO","CAN_8BSTB","Output","Push-pull","CMOS/Automotive","Speed grade 4","","LVDS_TX / FAST","VEXT","PU1"
"P21.5","J20","GPIO","CAN_13STB","Output","Push-pull","CMOS/Automotive","Speed grade 4","","LVDS_TX / FAST","VEXT","PU1"
"P21.6/TDI","H17","","","Input","Pull-up","CMOS/Automotive","","","FAST","VEXT","PD / PU2"
"P21.7/TDO","H16","DAP3P_DAP2","DAP3P_DAP2","Output","Push-pull","CMOS/Automotive","Speed grade 4","","FAST","VEXT","PU2"
"P22.0","P20","QSPI4_M_TXD","QSPI4_M_TXD","Output","Push-pull","CMOS/Automotive","Speed grade 4","","LVDS_TX / FAST","VEXT","PU1"
"P22.1","P19","ASCLIN7_TXD","ASCLIN7_TXD","Output","Push-pull","CMOS/Automotive","Speed grade 4","","LVDS_TX / FAST","VEXT","PU1"
"P22.2","R20","QSPI4_M_SEL3","QSPI4_M_SEL3","Output","Push-pull","CMOS/Automotive","Speed grade 4","","LVDS_TX / FAST","VEXT","PU1"
"P22.3","R19","QSPI4_M_CLK","QSPI4_M_CLK","Output","Push-pull","CMOS/Automotive","Speed grade 4","","LVDS_TX / FAST","VEXT","PU1"
"P22.4","P16","ASCLIN7_RXD","ASCLIN7_RXD","Input","Pull-up","CMOS/Automotive","","","FAST","VEXT","PU1"
"P22.5","P17","QSPI0_M_TXD","QSPI0_M_TXD","Output","Push-pull","CMOS/Automotive","Speed grade 4","","FAST","VEXT","PU1"
"P22.6","N16","","","Input","Pull-up","CMOS/Automotive","","","SLOW","VEXT","PU1"
"P22.7","N17","QSPI0_M_CLK","QSPI0_M_CLK","Output","Push-pull","CMOS/Automotive","Speed grade 4","","SLOW","VEXT","PU1"
"P22.8","M16","CAN2_NODE2_TXD","CAN2_NODE2_TXD","Output","Push-pull","CMOS/Automotive","Speed grade 4","","SLOW","VEXT","PU1"
"P22.9","M17","QSPI0_M_RXD(N)","QSPI0_M_RXD(N)","Input","Pull-up","CMOS/Automotive","","","SLOW","VEXT","PU1"
"P22.10","L16","CAN2_NODE3_TXD","CAN2_NODE3_TXD","Output","Push-pull","CMOS/Automotive","Speed grade 4","","SLOW","VEXT","PU1"
"P22.11","L17","CAN2_NODE3_RXD","CAN2_NODE3_RXD","Input","Pull-up","CMOS/Automotive","","","SLOW","VEXT","PU1"
"P23.0","V20","","","Input","Pull-up","CMOS/Automotive","","","SLOW","VEXT","PU1"
"P23.1","U19","ASCLIN6_RXD","ASCLIN6_RXD","Input","Pull-up","CMOS/Automotive","","","FAST","VEXT","PU1"
"P23.2","U20","CAN1_NODE2_TXD","CAN1_NODE2_TXD","Output","Push-pull","CMOS/Automotive","Speed grade 4","","SLOW","VEXT","PU1"
"P23.3","T19","CAN1_NODE2_RXD","CAN1_NODE2_RXD","Input","Pull-up","CMOS/Automotive","","","SLOW","VEXT","PU1"
"P23.4","T20","GPIO","LAN8651_NRST","Output","Push-pull","CMOS/Automotive","Speed grade 4","","FAST","VEXT","PU1"
"P23.5","T17","ASCLIN6_TXD","ASCLIN6_TXD","Output","Push-pull","CMOS/Automotive","Speed grade 4","","FAST","VEXT","PU1"
"P23.6","R17","CAN1_NODE1_TXD","CAN1_NODE1_TXD","Output","Push-pull","CMOS/Automotive","Speed grade 4","","SLOW","VEXT","PU1"
"P23.7","R16","CAN1_NODE1_RXD","CAN1_NODE1_RXD","Input","Pull-up","CMOS/Automotive","","","SLOW","VEXT","PU1"
"P32.0","Y17","","","Input","Pull-up","CMOS/Automotive","","","SLOW","VEXT","PU1"
"P32.1","W17","","","Input","Pull-up","CMOS/Automotive","","","SLOW","VEXT","PU1"
"P32.2","Y18","CAN0_NODE3_RXD","CAN0_NODE3_RXD","Input","Pull-up","CMOS/Automotive","","","SLOW","VEXT","PU1"
"P32.3","Y19","CAN0_NODE3_TXD","CAN0_NODE3_TXD","Output","Push-pull","CMOS/Automotive","Speed grade 4","","SLOW","VEXT","PU1"
"P32.4","W18","","","Input","Pull-up","CMOS/Automotive","","","FAST","VEXT","PU1"
"P32.5","T15","CAN0_NODE2_TXD","CAN0_NODE2_TXD","Output","Push-pull","CMOS/Automotive","Speed grade 4","","SLOW","VEXT","PU1"
"P32.6","U15","CAN0_NODE2_RXD","CAN0_NODE2_RXD","Input","Pull-up","CMOS/Automotive","","","SLOW","VEXT","PU1"
"P32.7","U16","CAN2_NODE2_RXD","CAN2_NODE2_RXD","Input","Pull-up","CMOS/Automotive","","","SLOW","VEXT","PU1"
"P33.0","W10","GPIO","GPIO1","Output","Push-pull","CMOS/Automotive","Speed grade 4","Digital","SLOW","VEVRSB","PU1"
"P33.1","Y10","GPIO","CAN0_EN","Output","Push-pull","CMOS/Automotive","Speed grade 4","Digital","SLOW","VEVRSB","PU1"
"P33.2","W11","","","Input","Pull-up","CMOS/Automotive","","Digital","SLOW","VEVRSB","PU1"
"P33.3","Y11","","","Input","Pull-up","CMOS/Automotive","","Digital","SLOW","VEVRSB","PU1"
"P33.4","W12","CAN1_NODE3_TXD","CAN1_NODE3_TXD","Output","Push-pull","CMOS/Automotive","Speed grade 4","Digital","SLOW","VEVRSB","PU1"
"P33.5","Y12","CAN1_NODE3_RXD","CAN1_NODE3_RXD","Input","Pull-up","CMOS/Automotive","","Digital","SLOW","VEVRSB","PU1"
"P33.6","W13","ASCLIN8_RXD","ASCLIN8_RXD","Input","Pull-up","CMOS/Automotive","","Digital","SLOW","VEVRSB","PU1"
"P33.7","Y13","GPIO","LAN8651_NINT","Input","Pull-up","CMOS/Automotive","","Digital","SLOW","VEVRSB","PU1"
"P33.8","W14","SMU_FSP0","SMU_FSP0","Output","Push-pull","CMOS/Automotive","Speed grade 4","","FAST","VEVRSB","HighZ"
"P33.9","Y14","GPIO","TLF35584_SS1","Input","Pull-up","CMOS/Automotive","","","SLOW","VEVRSB","PU1"
"P33.10","W15","CAN0_NODE1_RXD","CAN0_NODE1_RXD","Input","Pull-up","CMOS/Automotive","","","FAST","VEVRSB","PU1"
"P33.11","Y15","","","Input","Pull-up","CMOS/Automotive","","","FAST","VEVRSB","PU1"
"P33.12","W16","CAN0_NODE0_RXD","CAN0_NODE0_RXD","Input","Pull-up","CMOS/Automotive","","","FAST","VEVRSB","PU1"
"P33.13","Y16","QSPI4_M_RXD(N)","QSPI4_M_RXD(N)","Input","Pull-up","CMOS/Automotive","","","FAST","VEVRSB","PU1"
"P33.14","T14","","","Input","Pull-up","CMOS/Automotive","","","FAST","VEVRSB","PU1"
"P33.15","U14","","","Input","Pull-up","CMOS/Automotive","","","SLOW","VEVRSB","PU1"
"P34.1","U11","CAN0_NODE0_TXD","CAN0_NODE0_TXD","Output","Push-pull","CMOS/Automotive","Speed grade 4","Digital","SLOW","VEVRSB","PU1"
"P34.2","T12","CAN2_NODE0_RXD","CAN2_NODE0_RXD","Input","Pull-up","CMOS/Automotive","","Digital","SLOW","VEVRSB","PU1"
"P34.3","U12","","","Input","Pull-up","CMOS/Automotive","","Digital","SLOW","VEVRSB","PU1"
"P34.4","T13","","","Input","Pull-up","CMOS/Automotive","","Digital","SLOW","VEVRSB","PU1"
"P34.5","U13","ASCLIN8_TXD","ASCLIN8_TXD","Output","Push-pull","CMOS/Automotive","Speed grade 4","","FAST","VEVRSB","PU1"
"SCR_P00.2","","","","Input","Pull-up","CMOS/Automotive","","","","",""
"SCR_P00.3","","","","Input","Pull-up","CMOS/Automotive","","","","",""
"SCR_P01.3","","","","Input","Pull-up","CMOS/Automotive","","","","",""
"SCR_P01.6","","","","Input","Pull-up","CMOS/Automotive","","","","",""
"SCR_P01.7","","","","Input","Pull-up","CMOS/Automotive","","","","",""
"TCK","J16","DAP3P_DAP0IN","DAP3P_DAP0IN","","","","","","FAST","VEXT","PD2"
"TMS","K16","DAP3P_DAP1 / DAP3P_DAP1IN","","","","","","","FAST","VEXT","PD2"
"VAGND1","Y7","","","","","","","","","",""
"VAGND2","T2","","","","","","","","","",""
"VAREF1","Y6","","","","","","","","！","",""
"VAREF2","T1","","","","","","","","！","",""
"VDD","N14","","","","","","","","！","",""
"VDD","P13","","","","","","","","！","",""
"VDD","G13","","","","","","","","！","",""
"VDD","E15","","","","","","","","！","",""
"VDD","D16","","","","","","","","！","",""
"VDD","P8","","","","","","","","！","",""
"VDD","N7","","","","","","","","！","",""
"VDD","H14","","","","","","","","！","",""
"VDDM","Y5","","","","","","","","！","",""
"VDDOSC","N19","","","","","","","","！","",""
"VDDP3","A19","","","","","","","","！","",""
"VDDP3","B18","","","","","","","","！","",""
"VDDSB (VDD)","G8","","","","","","","","！","",""
"VDDSB (VDD)","H7","","","","","","","","！","",""
"VEVRSB","T11","","","","","","","","！","",""
"VEXT","A2","","","","","","","","！","",""
"VEXT","B3","","","","","","","","！","",""
"VEXT","W20","","","","","","","","！","",""
"VEXT","V19","","","","","","","","！","",""
"VEXTOSC","N20","","","","","","","","！","",""
"VFLEX","D5","","","","","","","","！","",""
"VSS","M7","","","","","","","","！","",""
"VSS","M8","","","","","","","","！","",""
"VSS","K8","","","","","","","","！","",""
"VSS","K9","","","","","","","","！","",""
"VSS","E5","","","","","","","","！","",""
"VSS","G9","","","","","","","","！","",""
"VSS","Y20","","","","","","","","！","",""
"VSS","H10","","","","","","","","！","",""
"VSS","H12","","","","","","","","！","",""
"VSS","J10","","","","","","","","！","",""
"VSS","H11","","","","","","","","！","",""
"VSS","G12","","","","","","","","！","",""
"VSS","P9","","","","","","","","！","",""
"VSS","L10","","","","","","","","！","",""
"VSS","K11","","","","","","","","！","",""
"VSS","B19","","","","","","","","！","",""
"VSS","E16","","","","","","","","！","",""
"VSS","D17","","","","","","","","！","",""
"VSS","K10","","","","","","","","！","",""
"VSS","N9","","","","","","","","！","",""
"VSS","J11","","","","","","","","！","",""
"VSS","N10","","","","","","","","！","",""
"VSS","M11","","","","","","","","！","",""
"VSS","L8","","","","","","","","！","",""
"VSS","L12","","","","","","","","！","",""
"VSS","K13","","","","","","","","！","",""
"VSS","J14","","","","","","","","！","",""
"VSS","J7","","","","","","","","！","",""
"VSS","M10","","","","","","","","！","",""
"VSS","L9","","","","","","","","！","",""
"VSS","L11","","","","","","","","！","",""
"VSS","K12","","","","","","","","！","",""
"VSS","J13","","","","","","","","！","",""
"VSS","N12","","","","","","","","！","",""
"VSS","J8","","","","","","","","！","",""
"VSS","M13","","","","","","","","！","",""
"VSS","N11","","","","","","","","！","",""
"VSS","L13","","","","","","","","！","",""
"VSS","B2","","","","","","","","！","",""
"VSS","D4","","","","","","","","！","",""
"VSS","P12","","","","","","","","！","",""
"VSS","H9","","","","","","","","！","",""
"VSS","M14","","","","","","","","！","",""
"VSS","T16","","","","","","","","！","",""
"VSS","U17","","","","","","","","！","",""
"VSS","W19","","","","","","","","！","",""
"VSS","A20","","","","","","","","！","",""
"VSSM","Y4","","","","","","","","","",""
"VSSOSC","L20","","","","","","","","！","",""
"XTAL1","M20","CCU_XTALIN","CCU_XTALIN","","","","","","XTAL","VEXTOSC",""
"XTAL2","M19","CCU_XTAL2","CCU_XTAL2","","","","","","XTAL","VEXTOSC",""
"nESR0","F16","","","","","","","","FAST","VEXT","OD"
"nESR1","G16","SCU_ESR1_IN","SCU_ESR1_IN","","","","","","FAST","VEXT","PU1"
"nPORST","G17","PMS_PORST","NPORST","","","","","","PORST","VEXT","PD"
"nTRST","L19","DAP3P_TRST","DAP3P_TRST","","","","","","FAST","VEXT","PU2"
